{
  "train_accuracy": 0.6759722222222222,
  "test_accuracy": 0.42055555555555557,
  "cv_mean": 0.4197916666666667,
  "cv_std": 0.008411095515910981,
  "overfitting_gap": 0.2554166666666666
}